{
  "epochs": [
    {
      "epoch": 1,
      "train": {
        "loss": 0.8729908307071994,
        "classifier_loss": 0.7108648802252376,
        "verbalizer_loss": 0.8729908307071994,
        "seconds": 184.76724235108122
      },
      "dev": {
        "roc_auc": 0.7724169266368754,
        "pr_auc": 0.04035223760873371,
        "vocab_roc_auc": 0.7567353362749782,
        "vocab_pr_auc": 0.03157473906117178,
        "threshold": 0.5448014140129089,
        "precision": 0.0546875,
        "recall": 0.08235294117647059,
        "f1": 0.06572769953051644,
        "false_positive_rate": 0.019270584487975792,
        "false_negative_rate": 0.9176470588235294,
        "examples": 6364,
        "anomalies": 85,
        "endpoints_min": 127,
        "endpoints_max": 51834,
        "seconds": 506.4071084531024,
        "vocab_threshold": 0.41111084818840027,
        "vocab_precision": 0.03683241252302026,
        "vocab_recall": 0.47058823529411764,
        "vocab_f1": 0.06831767719897525,
        "vocab_false_positive_rate": 0.16658703615225354,
        "vocab_false_negative_rate": 0.5294117647058824
      },
      "peak_cuda_memory_mb": 16438.08349609375,
      "selection_metric": "vocab_pr_auc",
      "selection_score": 0.03157473906117178
    },
    {
      "epoch": 2,
      "train": {
        "loss": 0.7299822479837081,
        "classifier_loss": 0.7898031871459064,
        "verbalizer_loss": 0.7299822479837081,
        "seconds": 170.98788581090048
      },
      "dev": {
        "roc_auc": 0.2023439476124898,
        "pr_auc": 0.007879574788680187,
        "vocab_roc_auc": 0.8608883018090179,
        "vocab_pr_auc": 0.07777768718325354,
        "threshold": 0.13341520726680756,
        "precision": 0.013472816611190363,
        "recall": 1.0,
        "f1": 0.026587425711604627,
        "false_positive_rate": 0.9912406434145564,
        "false_negative_rate": 0.0,
        "examples": 6364,
        "anomalies": 85,
        "endpoints_min": 127,
        "endpoints_max": 51834,
        "seconds": 506.2772241209168,
        "vocab_threshold": 0.9992431402206421,
        "vocab_precision": 0.10040160642570281,
        "vocab_recall": 0.29411764705882354,
        "vocab_f1": 0.14970059880239522,
        "vocab_false_positive_rate": 0.03567447045707915,
        "vocab_false_negative_rate": 0.7058823529411765
      },
      "peak_cuda_memory_mb": 16438.08349609375,
      "selection_metric": "vocab_pr_auc",
      "selection_score": 0.07777768718325354
    },
    {
      "epoch": 3,
      "train": {
        "loss": 0.6561233389728209,
        "classifier_loss": 0.7193775021328646,
        "verbalizer_loss": 0.6561233389728209,
        "seconds": 186.96113165002316
      },
      "dev": {
        "roc_auc": 0.3001152300385037,
        "pr_auc": 0.010180810079759853,
        "vocab_roc_auc": 0.8940089748273892,
        "vocab_pr_auc": 0.06904679354982367,
        "threshold": 0.4970703423023224,
        "precision": 0.027777777777777776,
        "recall": 0.058823529411764705,
        "f1": 0.03773584905660377,
        "false_positive_rate": 0.027870680044593088,
        "false_negative_rate": 0.9411764705882353,
        "examples": 6364,
        "anomalies": 85,
        "endpoints_min": 127,
        "endpoints_max": 51834,
        "seconds": 513.0006212731823,
        "vocab_threshold": 0.3923368453979492,
        "vocab_precision": 0.08565310492505353,
        "vocab_recall": 0.47058823529411764,
        "vocab_f1": 0.14492753623188404,
        "vocab_false_positive_rate": 0.06800445930880714,
        "vocab_false_negative_rate": 0.5294117647058824
      },
      "peak_cuda_memory_mb": 16438.08349609375,
      "selection_metric": "vocab_pr_auc",
      "selection_score": 0.06904679354982367
    },
    {
      "epoch": 4,
      "train": {
        "loss": 0.6454660197215921,
        "classifier_loss": 0.7310216126722447,
        "verbalizer_loss": 0.6454660197215921,
        "seconds": 182.970577808097
      },
      "dev": {
        "roc_auc": 0.16544504089261125,
        "pr_auc": 0.009781941705181742,
        "vocab_roc_auc": 0.9084811181997883,
        "vocab_pr_auc": 0.0856211634655806,
        "threshold": 0.5561585426330566,
        "precision": 0.029850746268656716,
        "recall": 0.047058823529411764,
        "f1": 0.0365296803652968,
        "false_positive_rate": 0.020703933747412008,
        "false_negative_rate": 0.9529411764705882,
        "examples": 6364,
        "anomalies": 85,
        "endpoints_min": 127,
        "endpoints_max": 51834,
        "seconds": 507.0444476879202,
        "vocab_threshold": 0.6876299977302551,
        "vocab_precision": 0.11538461538461539,
        "vocab_recall": 0.35294117647058826,
        "vocab_f1": 0.1739130434782609,
        "vocab_false_positive_rate": 0.03663003663003663,
        "vocab_false_negative_rate": 0.6470588235294118
      },
      "peak_cuda_memory_mb": 16438.08349609375,
      "selection_metric": "vocab_pr_auc",
      "selection_score": 0.0856211634655806
    },
    {
      "epoch": 5,
      "train": {
        "loss": 0.6000307557512732,
        "classifier_loss": 0.709830544275396,
        "verbalizer_loss": 0.6000307557512732,
        "seconds": 188.13568232487887
      },
      "dev": {
        "roc_auc": 0.1453781512605042,
        "pr_auc": 0.008511570153955265,
        "vocab_roc_auc": 0.9477436459533646,
        "vocab_pr_auc": 0.12073708062914534,
        "threshold": 0.46295860409736633,
        "precision": 0.01990049751243781,
        "recall": 0.047058823529411764,
        "f1": 0.027972027972027972,
        "false_positive_rate": 0.031374422678770504,
        "false_negative_rate": 0.9529411764705882,
        "examples": 6364,
        "anomalies": 85,
        "endpoints_min": 127,
        "endpoints_max": 51834,
        "seconds": 514.6243016270455,
        "vocab_threshold": 0.7549149990081787,
        "vocab_precision": 0.12830188679245283,
        "vocab_recall": 0.8,
        "vocab_f1": 0.22113821138211384,
        "vocab_false_positive_rate": 0.07357859531772576,
        "vocab_false_negative_rate": 0.2
      },
      "peak_cuda_memory_mb": 16438.08349609375,
      "selection_metric": "vocab_pr_auc",
      "selection_score": 0.12073708062914534
    }
  ]
}