{
  "epochs": [
    {
      "epoch": 1,
      "train": {
        "loss": 0.7899664560486289,
        "classifier_loss": 0.7058078182444852,
        "verbalizer_loss": 0.7899664560486289,
        "seconds": 146.90452558686957
      },
      "dev": {
        "roc_auc": 0.5113628059919619,
        "pr_auc": 0.012710805204002043,
        "vocab_roc_auc": 0.6425414312882343,
        "vocab_pr_auc": 0.020440950260146654,
        "threshold": 0.47779783606529236,
        "precision": 0.01600365797896662,
        "recall": 0.8235294117647058,
        "f1": 0.03139717425431711,
        "false_positive_rate": 0.6854594680681637,
        "false_negative_rate": 0.17647058823529413,
        "examples": 6364,
        "anomalies": 85,
        "endpoints_min": 127,
        "endpoints_max": 51834,
        "seconds": 439.36851811385714,
        "vocab_threshold": 0.9674102663993835,
        "vocab_precision": 0.04854368932038835,
        "vocab_recall": 0.058823529411764705,
        "vocab_f1": 0.05319148936170213,
        "vocab_false_positive_rate": 0.01560758082497213,
        "vocab_false_negative_rate": 0.9411764705882353
      },
      "peak_cuda_memory_mb": 14787.41064453125,
      "selection_metric": "vocab_pr_auc",
      "selection_score": 0.020440950260146654
    },
    {
      "epoch": 2,
      "train": {
        "loss": 0.7800122402170125,
        "classifier_loss": 0.713060333588544,
        "verbalizer_loss": 0.7800122402170125,
        "seconds": 150.87856583297253
      },
      "dev": {
        "roc_auc": 0.8978359236671257,
        "pr_auc": 0.06518762148569734,
        "vocab_roc_auc": 0.9297836860496707,
        "vocab_pr_auc": 0.0957753571157594,
        "threshold": 0.5770187377929688,
        "precision": 0.08333333333333333,
        "recall": 0.4235294117647059,
        "f1": 0.13926499032882012,
        "false_positive_rate": 0.0630673674151935,
        "false_negative_rate": 0.5764705882352941,
        "examples": 6364,
        "anomalies": 85,
        "endpoints_min": 127,
        "endpoints_max": 51834,
        "seconds": 442.17824566108175,
        "vocab_threshold": 0.8233283758163452,
        "vocab_precision": 0.09339975093399751,
        "vocab_recall": 0.8823529411764706,
        "vocab_f1": 0.16891891891891891,
        "vocab_false_positive_rate": 0.11594202898550725,
        "vocab_false_negative_rate": 0.11764705882352941
      },
      "peak_cuda_memory_mb": 14787.41064453125,
      "selection_metric": "vocab_pr_auc",
      "selection_score": 0.0957753571157594
    },
    {
      "epoch": 3,
      "train": {
        "loss": 0.641540007240632,
        "classifier_loss": 0.7238137852444368,
        "verbalizer_loss": 0.641540007240632,
        "seconds": 145.84639218519442
      },
      "dev": {
        "roc_auc": 0.6286323224942151,
        "pr_auc": 0.01715691528193835,
        "vocab_roc_auc": 0.8634964353634431,
        "vocab_pr_auc": 0.05304117425048558,
        "threshold": 0.5794599056243896,
        "precision": 0.021587998536406878,
        "recall": 0.6941176470588235,
        "f1": 0.04187366926898509,
        "false_positive_rate": 0.4258639910813824,
        "false_negative_rate": 0.3058823529411765,
        "examples": 6364,
        "anomalies": 85,
        "endpoints_min": 127,
        "endpoints_max": 51834,
        "seconds": 448.04395794309676,
        "vocab_threshold": 0.4687906503677368,
        "vocab_precision": 0.056943056943056944,
        "vocab_recall": 0.6705882352941176,
        "vocab_f1": 0.10497237569060773,
        "vocab_false_positive_rate": 0.15034241121197642,
        "vocab_false_negative_rate": 0.32941176470588235
      },
      "peak_cuda_memory_mb": 14787.41064453125,
      "selection_metric": "vocab_pr_auc",
      "selection_score": 0.05304117425048558
    },
    {
      "epoch": 4,
      "train": {
        "loss": 0.6329396949620808,
        "classifier_loss": 0.717027842016781,
        "verbalizer_loss": 0.6329396949620808,
        "seconds": 155.40616390504874
      },
      "dev": {
        "roc_auc": 0.9294801532653195,
        "pr_auc": 0.12640524738689898,
        "vocab_roc_auc": 0.8877134800408458,
        "vocab_pr_auc": 0.05490733112881814,
        "threshold": 0.5803520083427429,
        "precision": 0.14642857142857144,
        "recall": 0.4823529411764706,
        "f1": 0.22465753424657536,
        "false_positive_rate": 0.03806338588947285,
        "false_negative_rate": 0.5176470588235295,
        "examples": 6364,
        "anomalies": 85,
        "endpoints_min": 127,
        "endpoints_max": 51834,
        "seconds": 445.37891918211244,
        "vocab_threshold": 0.22270014882087708,
        "vocab_precision": 0.06440382941688425,
        "vocab_recall": 0.8705882352941177,
        "vocab_f1": 0.11993517017828201,
        "vocab_false_positive_rate": 0.1712056059882147,
        "vocab_false_negative_rate": 0.12941176470588237
      },
      "peak_cuda_memory_mb": 14787.41064453125,
      "selection_metric": "vocab_pr_auc",
      "selection_score": 0.05490733112881814
    },
    {
      "epoch": 5,
      "train": {
        "loss": 0.5783573427138959,
        "classifier_loss": 0.6545741621185751,
        "verbalizer_loss": 0.5783573427138959,
        "seconds": 157.30691105988808
      },
      "dev": {
        "roc_auc": 0.8198645344425396,
        "pr_auc": 0.036286402139604865,
        "vocab_roc_auc": 0.8422575719250911,
        "vocab_pr_auc": 0.050423866869403755,
        "threshold": 0.6116139888763428,
        "precision": 0.04298356510745891,
        "recall": 0.4,
        "f1": 0.0776255707762557,
        "false_positive_rate": 0.12056059882146838,
        "false_negative_rate": 0.6,
        "examples": 6364,
        "anomalies": 85,
        "endpoints_min": 127,
        "endpoints_max": 51834,
        "seconds": 449.0520638721064,
        "vocab_threshold": 0.9399133324623108,
        "vocab_precision": 0.0625,
        "vocab_recall": 0.2823529411764706,
        "vocab_f1": 0.1023454157782516,
        "vocab_false_positive_rate": 0.05733397037744864,
        "vocab_false_negative_rate": 0.7176470588235294
      },
      "peak_cuda_memory_mb": 14787.41064453125,
      "selection_metric": "vocab_pr_auc",
      "selection_score": 0.050423866869403755
    }
  ]
}