{
  "epochs": [
    {
      "epoch": 1,
      "train": {
        "loss": 0.4772316352121861,
        "classifier_loss": 0.4772316352121861,
        "verbalizer_loss": 1.9985554370371734,
        "seconds": 130.58260790398344
      },
      "dev": {
        "roc_auc": 0.9310737003831634,
        "pr_auc": 0.1307383144221297,
        "vocab_roc_auc": 0.3328920866005265,
        "vocab_pr_auc": 0.009155064785686185,
        "threshold": 0.15431226789951324,
        "precision": 0.17142857142857143,
        "recall": 0.5647058823529412,
        "f1": 0.26301369863013696,
        "false_positive_rate": 0.03694855868768912,
        "false_negative_rate": 0.43529411764705883,
        "examples": 6364,
        "anomalies": 85,
        "endpoints_min": 127,
        "endpoints_max": 51834,
        "seconds": 491.1781159299426,
        "vocab_threshold": 0.9566342234611511,
        "vocab_precision": 0.01357177071690883,
        "vocab_recall": 1.0,
        "vocab_f1": 0.026780088216761186,
        "vocab_false_positive_rate": 0.9839146360885491,
        "vocab_false_negative_rate": 0.0
      },
      "peak_cuda_memory_mb": 16365.78662109375,
      "selection_metric": "pr_auc",
      "selection_score": 0.1307383144221297
    },
    {
      "epoch": 2,
      "train": {
        "loss": 0.4261308349480661,
        "classifier_loss": 0.4261308349480661,
        "verbalizer_loss": 1.0760858733864391,
        "seconds": 139.35361060965806
      },
      "dev": {
        "roc_auc": 0.9384512333361439,
        "pr_auc": 0.11487704608897002,
        "vocab_roc_auc": 0.1896808221616406,
        "vocab_pr_auc": 0.019429751329258293,
        "threshold": 0.793105959892273,
        "precision": 0.13404825737265416,
        "recall": 0.5882352941176471,
        "f1": 0.2183406113537118,
        "false_positive_rate": 0.05144131231087753,
        "false_negative_rate": 0.4117647058823529,
        "examples": 6364,
        "anomalies": 85,
        "endpoints_min": 127,
        "endpoints_max": 51834,
        "seconds": 491.65246263705194,
        "vocab_threshold": 0.020410308614373207,
        "vocab_precision": 0.013360578434454574,
        "vocab_recall": 1.0,
        "vocab_f1": 0.02636885373041725,
        "vocab_false_positive_rate": 0.9996814779423475,
        "vocab_false_negative_rate": 0.0
      },
      "peak_cuda_memory_mb": 16365.78662109375,
      "selection_metric": "pr_auc",
      "selection_score": 0.11487704608897002
    },
    {
      "epoch": 3,
      "train": {
        "loss": 0.29802602107616516,
        "classifier_loss": 0.29802602107616516,
        "verbalizer_loss": 0.6649059975848478,
        "seconds": 130.51707323733717
      },
      "dev": {
        "roc_auc": 0.9493934028460883,
        "pr_auc": 0.11776186547924973,
        "vocab_roc_auc": 0.45704449003681746,
        "vocab_pr_auc": 0.015261763741026859,
        "threshold": 0.6992543935775757,
        "precision": 0.15711252653927812,
        "recall": 0.8705882352941177,
        "f1": 0.26618705035971224,
        "false_positive_rate": 0.06322662844401974,
        "false_negative_rate": 0.12941176470588237,
        "examples": 6364,
        "anomalies": 85,
        "endpoints_min": 127,
        "endpoints_max": 51834,
        "seconds": 491.1701787598431,
        "vocab_threshold": 0.30074557662010193,
        "vocab_precision": 0.0273972602739726,
        "vocab_recall": 0.047058823529411764,
        "vocab_f1": 0.034632034632034625,
        "vocab_false_positive_rate": 0.022615066093326964,
        "vocab_false_negative_rate": 0.9529411764705882
      },
      "peak_cuda_memory_mb": 16365.78662109375,
      "selection_metric": "pr_auc",
      "selection_score": 0.11776186547924973
    },
    {
      "epoch": 4,
      "train": {
        "loss": 0.23120894150470123,
        "classifier_loss": 0.23120894150470123,
        "verbalizer_loss": 0.5877937221570927,
        "seconds": 135.1269257371314
      },
      "dev": {
        "roc_auc": 0.9578361110330419,
        "pr_auc": 0.13063765239139052,
        "vocab_roc_auc": 0.49908284383987706,
        "vocab_pr_auc": 0.02444790369090399,
        "threshold": 0.9877586960792542,
        "precision": 0.1622340425531915,
        "recall": 0.7176470588235294,
        "f1": 0.2646420824295011,
        "false_positive_rate": 0.05016722408026756,
        "false_negative_rate": 0.2823529411764706,
        "examples": 6364,
        "anomalies": 85,
        "endpoints_min": 127,
        "endpoints_max": 51834,
        "seconds": 494.94309410685673,
        "vocab_threshold": 0.49218812584877014,
        "vocab_precision": 0.11428571428571428,
        "vocab_recall": 0.09411764705882353,
        "vocab_f1": 0.10322580645161292,
        "vocab_false_positive_rate": 0.009874183787227266,
        "vocab_false_negative_rate": 0.9058823529411765
      },
      "peak_cuda_memory_mb": 16365.78662109375,
      "selection_metric": "pr_auc",
      "selection_score": 0.13063765239139052
    },
    {
      "epoch": 5,
      "train": {
        "loss": 0.1846384823888443,
        "classifier_loss": 0.1846384823888443,
        "verbalizer_loss": 0.7030571918715449,
        "seconds": 138.41316610993817
      },
      "dev": {
        "roc_auc": 0.966083958667079,
        "pr_auc": 0.18397092992293626,
        "vocab_roc_auc": 0.11023392634645832,
        "vocab_pr_auc": 0.007276043815662662,
        "threshold": 0.8080672025680542,
        "precision": 0.17293233082706766,
        "recall": 0.8117647058823529,
        "f1": 0.2851239669421488,
        "false_positive_rate": 0.05255613951266125,
        "false_negative_rate": 0.18823529411764706,
        "examples": 6364,
        "anomalies": 85,
        "endpoints_min": 127,
        "endpoints_max": 51834,
        "seconds": 494.2316431347281,
        "vocab_threshold": 0.011201214045286179,
        "vocab_precision": 0.013385826771653543,
        "vocab_recall": 1.0,
        "vocab_f1": 0.026418026418026416,
        "vocab_false_positive_rate": 0.9977703455964325,
        "vocab_false_negative_rate": 0.0
      },
      "peak_cuda_memory_mb": 16365.78662109375,
      "selection_metric": "pr_auc",
      "selection_score": 0.18397092992293626
    }
  ]
}